# kind|relative_path|duration_seconds|seek_seconds|layout
# M1 — real contextual recordings; not UCSF, the participants or the reported experiment.
clip|assets/motion/2026-09-16/main/M1-06.mp4|15|3|cover
clip|assets/motion/2026-09-16/main/M1-02.mp4|15|2|cover
clip|assets/motion/2026-09-16/main/M1-03R.mp4|15|4|cover
clip|assets/motion/2026-09-16/main/M1-04R2.mp4|15|2|contain_blur
clip|assets/motion/2026-09-16/main/M1-05.mp4|15|2|cover
clip|assets/motion/2026-09-16/main/M1-01R.mp4|15|0|cover
clip|assets/motion/2026-09-16/main/M1-07.mp4|15|0|cover
clip|assets/motion/2026-09-16/main/M1-08.mp4|15|0|cover
# M2 — actual NASA Roman hardware and integration recordings.
clip|assets/motion/2026-09-16/main/M2-01R.webm|12|5|cover
clip|assets/motion/2026-09-16/main/M2-02.webm|12|8|contain_blur
clip|assets/motion/2026-09-16/main/M2-03.webm|12|12|contain_blur
clip|assets/motion/2026-09-16/main/M2-04.webm|12|20|cover
clip|assets/motion/2026-09-16/main/M2-05.webm|12|24|cover
# M3 — contextual real robots; not CoRe-VLN or its benchmark.
clip|assets/motion/2026-09-16/main/M3-01.mp4|12|1|cover
clip|assets/motion/2026-09-16/main/M3-02R.mp4|12|0|cover
clip|assets/motion/2026-09-16/main/M3-03R2.mp4|12|2|contain_blur
clip|assets/motion/2026-09-16/main/M3-04.mp4|12|0|cover
clip|assets/motion/2026-09-16/main/M3-05R.mp4|12|2|contain_blur
# M4 — contextual electronics/manufacturing; not the KAIST devices or fabrication process.
clip|assets/motion/2026-09-16/main/M4-01.mp4|12|0|cover
clip|assets/motion/2026-09-16/main/M4-02.mp4|12|1|cover
clip|assets/motion/2026-09-16/main/M4-03.mp4|12|0|cover
clip|assets/motion/2026-09-16/main/M4-04.mp4|12|2|cover
clip|assets/motion/2026-09-16/main/M4-05.mp4|12|3|cover
# M5 — contextual real eye/clinical/cardiac recordings; not participants or OCT study footage.
clip|assets/motion/2026-09-16/main/M5-01.mp4|12|1|cover
clip|assets/motion/2026-09-16/main/M5-02.mp4|12|4|cover
clip|assets/motion/2026-09-16/main/M5-03.mp4|12|2|cover
clip|assets/motion/2026-09-16/main/M5-04.mp4|12|2|cover
clip|assets/motion/2026-09-16/main/M5-05.mp4|12|1|cover
# Closing — real Roman cleanroom footage behind the cinematic-glass CTA; no cover/thumbnail.
outro|assets/motion/2026-09-16/main/M2-01R.webm|10|80|cover
