0.20|5.20|/Users/is9565/Downloads/NewHorizons/build/video/editorial/title-overlays/title01.webp|standard
31.00|37.00|/Users/is9565/Downloads/NewHorizons/build/video/editorial/title-overlays/title02.webp|standard
91.00|98.00|/Users/is9565/Downloads/NewHorizons/build/video/editorial/title-overlays/title03.webp|standard
120.20|126.20|/Users/is9565/Downloads/NewHorizons/build/video/editorial/title-overlays/title04.webp|standard
168.00|175.00|/Users/is9565/Downloads/NewHorizons/build/video/editorial/title-overlays/title05.webp|standard
180.20|186.20|/Users/is9565/Downloads/NewHorizons/build/video/editorial/title-overlays/title06.webp|standard
228.00|235.00|/Users/is9565/Downloads/NewHorizons/build/video/editorial/title-overlays/title07.webp|standard
240.20|246.20|/Users/is9565/Downloads/NewHorizons/build/video/editorial/title-overlays/title08.webp|standard
288.00|295.00|/Users/is9565/Downloads/NewHorizons/build/video/editorial/title-overlays/title09.webp|standard
300.20|306.20|/Users/is9565/Downloads/NewHorizons/build/video/editorial/title-overlays/title10.webp|standard
348.00|355.00|/Users/is9565/Downloads/NewHorizons/build/video/editorial/title-overlays/title11.webp|standard
360.00|370.00|/Users/is9565/Downloads/NewHorizons/build/video/editorial/title-overlays/title12.webp|glass_cta
