5.20|10.00|/Users/is9565/Downloads/NewHorizons/build/video/editorial-en/title-overlays/title01.webp|standard
29.00|35.00|/Users/is9565/Downloads/NewHorizons/build/video/editorial-en/title-overlays/title02.webp|standard
55.20|60.00|/Users/is9565/Downloads/NewHorizons/build/video/editorial-en/title-overlays/title03.webp|standard
79.00|85.00|/Users/is9565/Downloads/NewHorizons/build/video/editorial-en/title-overlays/title04.webp|standard
105.20|110.00|/Users/is9565/Downloads/NewHorizons/build/video/editorial-en/title-overlays/title05.webp|standard
129.00|135.00|/Users/is9565/Downloads/NewHorizons/build/video/editorial-en/title-overlays/title06.webp|standard
155.20|160.00|/Users/is9565/Downloads/NewHorizons/build/video/editorial-en/title-overlays/title07.webp|standard
179.00|185.00|/Users/is9565/Downloads/NewHorizons/build/video/editorial-en/title-overlays/title08.webp|standard
205.20|210.00|/Users/is9565/Downloads/NewHorizons/build/video/editorial-en/title-overlays/title09.webp|standard
229.00|235.00|/Users/is9565/Downloads/NewHorizons/build/video/editorial-en/title-overlays/title10.webp|standard
255.00|265.00|/Users/is9565/Downloads/NewHorizons/build/video/editorial-en/title-overlays/title11.webp|glass_cta
